agno,mat_total,var_abs_vs_prev,var_pct_vs_prev
2022,3644548,,
2023,3631067,-13481.0,-0.3698949773744187
2024,3582947,-48120.0,-1.3252302973203234
